{"cameraMode":{"drawMode":0,"name":"Shaded","section":"Shading Mode"},"sceneLighting":true,"audioPlay":false,"sceneViewState":{"m_AlwaysRefresh":false,"showFog":true,"showSkybox":true,"showFlares":true,"showImageEffects":true,"showParticleSystems":true,"showVisualEffectGraphs":true,"m_FxEnabled":true},"in2DMode":false,"pivot":{"x":1.576416254043579,"y":3.7690329551696779,"z":2.4118518829345705},"rotation":{"x":-0.11499220877885819,"y":-0.09758619964122772,"z":0.01134931668639183,"w":-0.9885018467903137},"size":5.468691825866699,"orthographic":false}